<?xml version="1.0" encoding="UTF-8"?>
<project-private xmlns="http://www.netbeans.org/ns/project-private/1">
    <editor-bookmarks xmlns="http://www.netbeans.org/ns/editor-bookmarks/2" lastBookmarkId="0"/>
    <open-files xmlns="http://www.netbeans.org/ns/projectui-open-files/2">
        <group>
            <file>file:/C:/Users/Dell/Downloads/FCIT/FCIT%20%20PROJECTS/CPIT252/Project/CPIT-252-20190412T154715Z-001/CPIT-252/state/game/src/game/StartState.java</file>
            <file>file:/C:/Users/Dell/Downloads/FCIT/FCIT%20%20PROJECTS/CPIT252/Project/CPIT-252-20190412T154715Z-001/CPIT-252/state/game/src/game/PauseState.java</file>
            <file>file:/C:/Users/Dell/Downloads/FCIT/FCIT%20%20PROJECTS/CPIT252/Project/CPIT-252-20190412T154715Z-001/CPIT-252/state/game/src/game/TetrisGame.java</file>
        </group>
    </open-files>
</project-private>
